Abbildung,图示/图,Die Abbildung zeigt die empirische Verteilung der Daten.（该图展示了数据的经验分布。）
abhängig,依赖的,Der Begriff abhängig ist in der Statistik ein wichtiger Fachausdruck.（术语 abhängig 是统计学中的重要专业表达，意思是依赖的。）
Abhängigkeit,依赖性,Die Abhängigkeit zwischen zwei Zufallsvariablen kann nicht allein aus den Randverteilungen erkannt werden.（两个随机变量之间的依赖性不能仅由边际分布看出。）
absolut stetig,绝对连续,Der Begriff absolut stetig ist in der Statistik ein wichtiger Fachausdruck.（术语 absolut stetig 是统计学中的重要专业表达，意思是绝对连续。）
absolute Häufigkeit,绝对频数,"Die absolute Häufigkeit gibt an, wie oft eine Ausprägung beobachtet wurde.（绝对频数表示某个取值被观测到多少次。）"
Abweichung,偏差/离差,Der Begriff Abweichung spielt bei der Interpretation statistischer Ergebnisse eine wichtige Rolle.（偏差/离差在解释统计结果时很重要。）
abzählbar,可数的,Der Begriff abzählbar ist in der Statistik ein wichtiger Fachausdruck.（术语 abzählbar 是统计学中的重要专业表达，意思是可数的。）
Achse,坐标轴,Der Begriff Achse ist in der Statistik ein wichtiger Fachausdruck.（术语 Achse 是统计学中的重要专业表达，意思是坐标轴。）
Additivität,可加性,Der Begriff Additivität ist in der Statistik ein wichtiger Fachausdruck.（术语 Additivität 是统计学中的重要专业表达，意思是可加性。）
ästhetische Zuordnung,审美映射,Der Begriff ästhetische Zuordnung spielt bei der Interpretation statistischer Ergebnisse eine wichtige Rolle.（审美映射在解释统计结果时很重要。）
Anzahl,数量,Der Begriff Anzahl ist in der Statistik ein wichtiger Fachausdruck.（术语 Anzahl 是统计学中的重要专业表达，意思是数量。）
ApoE,ApoE 基因,Der Begriff ApoE ist in der Statistik ein wichtiger Fachausdruck.（术语 ApoE 是统计学中的重要专业表达，意思是ApoE 基因。）
Archimedische Copula,阿基米德 Copula,Der Begriff Archimedische Copula ist in der Statistik ein wichtiger Fachausdruck.（术语 Archimedische Copula 是统计学中的重要专业表达，意思是阿基米德 Copula。）
arithmetisches Mittel,算术平均数,Das arithmetische Mittel reagiert empfindlich auf Ausreißer.（算术平均数对离群值很敏感。）
assoziative Struktur,关联结构,Der Begriff assoziative Struktur ist in der Statistik ein wichtiger Fachausdruck.（术语 assoziative Struktur 是统计学中的重要专业表达，意思是关联结构。）
AUC,曲线下面积,Der Begriff AUC ist in der Statistik ein wichtiger Fachausdruck.（术语 AUC 是统计学中的重要专业表达，意思是曲线下面积。）
Ausprägung,取值/表现,Der Begriff Ausprägung spielt bei der Interpretation statistischer Ergebnisse eine wichtige Rolle.（取值/表现在解释统计结果时很重要。）
Ausreißer,离群值,Der Begriff Ausreißer ist in der Statistik ein wichtiger Fachausdruck.（术语 Ausreißer 是统计学中的重要专业表达，意思是离群值。）
Auswahlverfahren,抽样/选择方法,Der Begriff Auswahlverfahren ist in der Statistik ein wichtiger Fachausdruck.（术语 Auswahlverfahren 是统计学中的重要专业表达，意思是抽样/选择方法。）
Auto,汽车,Der Begriff Auto ist in der Statistik ein wichtiger Fachausdruck.（术语 Auto 是统计学中的重要专业表达，意思是汽车。）
Axiom,公理,Der Begriff Axiom ist in der Statistik ein wichtiger Fachausdruck.（术语 Axiom 是统计学中的重要专业表达，意思是公理。）
Balkendiagramm,条形图,Der Begriff Balkendiagramm ist in der Statistik ein wichtiger Fachausdruck.（术语 Balkendiagramm 是统计学中的重要专业表达，意思是条形图。）
Bandbreite,带宽,Der Begriff Bandbreite ist in der Statistik ein wichtiger Fachausdruck.（术语 Bandbreite 是统计学中的重要专业表达，意思是带宽。）
Bayes,贝叶斯,Mit der Bayes-Formel kann man eine bedingte Wahrscheinlichkeit umkehren.（借助贝叶斯公式可以反转条件概率。）
bedingte Dichte,条件密度,Der Begriff bedingte Dichte ist in der Statistik ein wichtiger Fachausdruck.（术语 bedingte Dichte 是统计学中的重要专业表达，意思是条件密度。）
bedingte Erwartung,条件期望,Der Begriff bedingte Erwartung spielt bei der Interpretation statistischer Ergebnisse eine wichtige Rolle.（条件期望在解释统计结果时很重要。）
bedingte Häufigkeit,条件频率,Der Begriff bedingte Häufigkeit spielt bei der Interpretation statistischer Ergebnisse eine wichtige Rolle.（条件频率在解释统计结果时很重要。）
bedingte Verteilung,条件分布,"Die bedingte Verteilung beschreibt, wie Wahrscheinlichkeiten auf mögliche Werte verteilt sind.（条件分布描述概率如何分布在可能取值上。）"
bedingte Wahrscheinlichkeit,条件概率,Die bedingte Wahrscheinlichkeit P(A|B) beschreibt die Wahrscheinlichkeit von A unter der Information B.（条件概率 P(A|B) 描述在已知 B 的情况下 A 的概率。）
Bedingung,条件,Der Begriff Bedingung spielt bei der Interpretation statistischer Ergebnisse eine wichtige Rolle.（条件在解释统计结果时很重要。）
Beobachtung,观测,Jede Beobachtung entspricht einer Untersuchungseinheit in der Stichprobe.（每个观测对应样本中的一个研究单位。）
Beobachtungsdaten,观测数据,"Der Begriff Beobachtungsdaten verweist auf Informationen, die vor der statistischen Analyse sorgfältig geprüft werden müssen.（观测数据指统计分析前必须仔细检查的信息。）"
Bernoulli-Verteilung,伯努利分布,Eine Bernoulli-Verteilung modelliert ein Experiment mit Erfolg oder Misserfolg.（伯努利分布刻画只有成功或失败两种结果的试验。）
Bertrand-Paradoxon,Bertrand 悖论,Der Begriff Bertrand-Paradoxon ist in der Statistik ein wichtiger Fachausdruck.（术语 Bertrand-Paradoxon 是统计学中的重要专业表达，意思是Bertrand 悖论。）
Beschränkung,限制/约束,Der Begriff Beschränkung spielt bei der Interpretation statistischer Ergebnisse eine wichtige Rolle.（限制/约束在解释统计结果时很重要。）
Beschriftung,标注/标签,Der Begriff Beschriftung spielt bei der Interpretation statistischer Ergebnisse eine wichtige Rolle.（标注/标签在解释统计结果时很重要。）
Beta-Verteilung,Beta 分布,"Die Beta-Verteilung beschreibt, wie Wahrscheinlichkeiten auf mögliche Werte verteilt sind.（Beta 分布描述概率如何分布在可能取值上。）"
Betrag,绝对值,Der Begriff Betrag ist in der Statistik ein wichtiger Fachausdruck.（术语 Betrag 是统计学中的重要专业表达，意思是绝对值。）
Big Data,大数据,Der Begriff Big Data ist in der Statistik ein wichtiger Fachausdruck.（术语 Big Data 是统计学中的重要专业表达，意思是大数据。）
Bild,像,Der Begriff Bild ist in der Statistik ein wichtiger Fachausdruck.（术语 Bild 是统计学中的重要专业表达，意思是像。）
Bildmaß,像测度/诱导分布,Der Begriff Bildmaß ordnet mathematischen Objekten eine interpretierbare Größe zu.（像测度/诱导分布给数学对象赋予可解释的大小。）
Bildung,教育,Der Begriff Bildung spielt bei der Interpretation statistischer Ergebnisse eine wichtige Rolle.（教育在解释统计结果时很重要。）
Bindung / ties,并列值,Der Begriff Bindung / ties ist in der Statistik ein wichtiger Fachausdruck.（术语 Bindung / ties 是统计学中的重要专业表达，意思是并列值。）
Binomialkoeffizient,二项式系数,Der Begriff Binomialkoeffizient ist in der Statistik ein wichtiger Fachausdruck.（术语 Binomialkoeffizient 是统计学中的重要专业表达，意思是二项式系数。）
Binomialverteilung,二项分布,Die Binomialverteilung beschreibt die Anzahl der Erfolge in n unabhängigen Versuchen.（二项分布描述 n 次独立试验中的成功次数。）
Borel-Cantelli-Lemma,Borel-Cantelli 引理,Der Begriff Borel-Cantelli-Lemma ist in der Statistik ein wichtiger Fachausdruck.（术语 Borel-Cantelli-Lemma 是统计学中的重要专业表达，意思是Borel-Cantelli 引理。）
Borel-Menge,Borel 集,Der Begriff Borel-Menge ist in der Statistik ein wichtiger Fachausdruck.（术语 Borel-Menge 是统计学中的重要专业表达，意思是Borel 集。）
Borel-σ-Algebra,Borel σ-代数,Auf der reellen Zahlengeraden arbeitet man meist mit der Borel-σ-Algebra.（在实数轴上通常使用 Borel σ-代数。）
Boxplot,箱线图,"Ein Boxplot zeigt Median, Quartile und mögliche Ausreißer.（箱线图显示中位数、四分位数和可能的离群值。）"
Bravais-Pearson-Korrelation,Bravais-Pearson 相关,Der Begriff Bravais-Pearson-Korrelation ist in der Statistik ein wichtiger Fachausdruck.（术语 Bravais-Pearson-Korrelation 是统计学中的重要专业表达，意思是Bravais-Pearson 相关。）
Bravais-Pearson-Korrelationskoeffizient,Pearson 相关系数,Der Begriff Bravais-Pearson-Korrelationskoeffizient ist in der Statistik ein wichtiger Fachausdruck.（术语 Bravais-Pearson-Korrelationskoeffizient 是统计学中的重要专业表达，意思是Pearson 相关系数。）
Bundesstaat,联邦州,Der Begriff Bundesstaat ist in der Statistik ein wichtiger Fachausdruck.（术语 Bundesstaat 是统计学中的重要专业表达，意思是联邦州。）
Bundestagswahl,联邦议院选举,Der Begriff Bundestagswahl ist in der Statistik ein wichtiger Fachausdruck.（术语 Bundestagswahl 是统计学中的重要专业表达，意思是联邦议院选举。）
Cantorfunktion,Cantor 函数,"Der Begriff Cantorfunktion wird verwendet, um eine Verteilung oder eine Transformation formal zu beschreiben.（Cantor 函数用于形式化描述分布或变换。）"
Cantormenge,Cantor 集,Der Begriff Cantormenge ist in der Statistik ein wichtiger Fachausdruck.（术语 Cantormenge 是统计学中的重要专业表达，意思是Cantor 集。）
Cauchy-Verteilung,Cauchy 分布,"Die Cauchy-Verteilung beschreibt, wie Wahrscheinlichkeiten auf mögliche Werte verteilt sind.（Cauchy 分布描述概率如何分布在可能取值上。）"
charakteristische Funktion,特征函数,"Der Begriff charakteristische Funktion wird verwendet, um eine Verteilung oder eine Transformation formal zu beschreiben.（特征函数用于形式化描述分布或变换。）"
Chi-Quadrat,卡方,Der Begriff Chi-Quadrat ist in der Statistik ein wichtiger Fachausdruck.（术语 Chi-Quadrat 是统计学中的重要专业表达，意思是卡方。）
Chi-Quadrat-Verteilung,卡方分布,"Die Chi-Quadrat-Verteilung beschreibt, wie Wahrscheinlichkeiten auf mögliche Werte verteilt sind.（卡方分布描述概率如何分布在可能取值上。）"
Class,舱位等级,Der Begriff Class ist in der Statistik ein wichtiger Fachausdruck.（术语 Class 是统计学中的重要专业表达，意思是舱位等级。）
Collider,碰撞点,Der Begriff Collider ist in der Statistik ein wichtiger Fachausdruck.（术语 Collider 是统计学中的重要专业表达，意思是碰撞点。）
Confounding,混杂,Der Begriff Confounding ist in der Statistik ein wichtiger Fachausdruck.（术语 Confounding 是统计学中的重要专业表达，意思是混杂。）
COPD,慢性阻塞性肺病,Der Begriff COPD ist in der Statistik ein wichtiger Fachausdruck.（术语 COPD 是统计学中的重要专业表达，意思是慢性阻塞性肺病。）
Copula,Copula/连接函数,Eine Copula trennt die Randverteilungen von der Abhängigkeitsstruktur.（Copula 将边际分布和依赖结构分开。）
Cramér-Wold,Cramér-Wold 定理,Der Begriff Cramér-Wold ist in der Statistik ein wichtiger Fachausdruck.（术语 Cramér-Wold 是统计学中的重要专业表达，意思是Cramér-Wold 定理。）
Cramérs V,Cramér's V 关联强度,Der Begriff Cramérs V ist in der Statistik ein wichtiger Fachausdruck.（术语 Cramérs V 是统计学中的重要专业表达，意思是Cramér's V 关联强度。）
Cutoff,截断阈值,Der Begriff Cutoff ist in der Statistik ein wichtiger Fachausdruck.（术语 Cutoff 是统计学中的重要专业表达，意思是截断阈值。）
Cutoff-Point,截断点/阈值点,Der Begriff Cutoff-Point ist in der Statistik ein wichtiger Fachausdruck.（术语 Cutoff-Point 是统计学中的重要专业表达，意思是截断点/阈值点。）
Daten,数据,"Der Begriff Daten verweist auf Informationen, die vor der statistischen Analyse sorgfältig geprüft werden müssen.（数据指统计分析前必须仔细检查的信息。）"
Datenerhebung,数据采集,"Der Begriff Datenerhebung verweist auf Informationen, die vor der statistischen Analyse sorgfältig geprüft werden müssen.（数据采集指统计分析前必须仔细检查的信息。）"
datengenerierender Prozess,数据生成过程,"Der Begriff datengenerierender Prozess verweist auf Informationen, die vor der statistischen Analyse sorgfältig geprüft werden müssen.（数据生成过程指统计分析前必须仔细检查的信息。）"
Datenpunkt,数据点,"Der Begriff Datenpunkt verweist auf Informationen, die vor der statistischen Analyse sorgfältig geprüft werden müssen.（数据点指统计分析前必须仔细检查的信息。）"
Datenqualität,数据质量,"Der Begriff Datenqualität verweist auf Informationen, die vor der statistischen Analyse sorgfältig geprüft werden müssen.（数据质量指统计分析前必须仔细检查的信息。）"
Definition,定义,Der Begriff Definition ist in der Statistik ein wichtiger Fachausdruck.（术语 Definition 是统计学中的重要专业表达，意思是定义。）
Deutsch,中文,Der Begriff Deutsch ist in der Statistik ein wichtiger Fachausdruck.（术语 Deutsch 是统计学中的重要专业表达，意思是中文。）
Diabetes,糖尿病,Der Begriff Diabetes ist in der Statistik ein wichtiger Fachausdruck.（术语 Diabetes 是统计学中的重要专业表达，意思是糖尿病。）
dichotomes Merkmal,二分类变量,Der Begriff dichotomes Merkmal ist in der Statistik ein wichtiger Fachausdruck.（术语 dichotomes Merkmal 是统计学中的重要专业表达，意思是二分类变量。）
Dichte,密度,Bei stetigen Zufallsvariablen erhält man Wahrscheinlichkeiten durch Integration der Dichte.（对于连续随机变量，概率通过对密度积分得到。）
Dichtefunktion,密度函数,"Der Begriff Dichtefunktion wird verwendet, um eine Verteilung oder eine Transformation formal zu beschreiben.（密度函数用于形式化描述分布或变换。）"
Dichtetransformationssatz,密度变换定理,Der Begriff Dichtetransformationssatz ist in der Statistik ein wichtiger Fachausdruck.（术语 Dichtetransformationssatz 是统计学中的重要专业表达，意思是密度变换定理。）
disjunkt,互斥,Der Begriff disjunkt ist in der Statistik ein wichtiger Fachausdruck.（术语 disjunkt 是统计学中的重要专业表达，意思是互斥。）
diskordant,不协同的,Der Begriff diskordant ist in der Statistik ein wichtiger Fachausdruck.（术语 diskordant 是统计学中的重要专业表达，意思是不协同的。）
diskret,离散的,Der Begriff diskret ist in der Statistik ein wichtiger Fachausdruck.（术语 diskret 是统计学中的重要专业表达，意思是离散的。）
diskrete Gleichverteilung,离散均匀分布,"Die diskrete Gleichverteilung beschreibt, wie Wahrscheinlichkeiten auf mögliche Werte verteilt sind.（离散均匀分布描述概率如何分布在可能取值上。）"
diskrete Verteilung,离散分布,"Die diskrete Verteilung beschreibt, wie Wahrscheinlichkeiten auf mögliche Werte verteilt sind.（离散分布描述概率如何分布在可能取值上。）"
Distanzkorrelation,距离相关,Der Begriff Distanzkorrelation ist in der Statistik ein wichtiger Fachausdruck.（术语 Distanzkorrelation 是统计学中的重要专业表达，意思是距离相关。）
Drittvariable,第三变量,Der Begriff Drittvariable bezeichnet ein zentrales Objekt in einem statistischen Modell.（第三变量表示统计模型中的核心对象。）
durchschnittsstabil,对交集稳定,Der Begriff durchschnittsstabil ist in der Statistik ein wichtiger Fachausdruck.（术语 durchschnittsstabil 是统计学中的重要专业表达，意思是对交集稳定。）
ECDF,经验分布函数,Der Begriff ECDF ist in der Statistik ein wichtiger Fachausdruck.（术语 ECDF 是统计学中的重要专业表达，意思是经验分布函数。）
Effekt,效应,Der Begriff Effekt ist in der Statistik ein wichtiger Fachausdruck.（术语 Effekt 是统计学中的重要专业表达，意思是效应。）
einfache Zufallsstichprobe,简单随机样本,Der Begriff einfache Zufallsstichprobe ist in der Statistik ein wichtiger Fachausdruck.（术语 einfache Zufallsstichprobe 是统计学中的重要专业表达，意思是简单随机样本。）
Einheit,单位,Der Begriff Einheit ist in der Statistik ein wichtiger Fachausdruck.（术语 Einheit 是统计学中的重要专业表达，意思是单位。）
Einkommen,收入,Der Begriff Einkommen ist in der Statistik ein wichtiger Fachausdruck.（术语 Einkommen 是统计学中的重要专业表达，意思是收入。）
Elementarereignis,基本事件,Der Begriff Elementarereignis ist in der Statistik ein wichtiger Fachausdruck.（术语 Elementarereignis 是统计学中的重要专业表达，意思是基本事件。）
Empirie,经验世界,Der Begriff Empirie ist in der Statistik ein wichtiger Fachausdruck.（术语 Empirie 是统计学中的重要专业表达，意思是经验世界。）
empirisch,经验的,Der Begriff empirisch ist in der Statistik ein wichtiger Fachausdruck.（术语 empirisch 是统计学中的重要专业表达，意思是经验的。）
empirische Verteilungsfunktion,经验分布函数,"Die empirische Verteilungsfunktion beschreibt, wie Wahrscheinlichkeiten auf mögliche Werte verteilt sind.（经验分布函数描述概率如何分布在可能取值上。）"
Ereignis,事件,Der Begriff Ereignis ist in der Statistik ein wichtiger Fachausdruck.（术语 Ereignis 是统计学中的重要专业表达，意思是事件。）
Ereignisraum,事件空间,Der Begriff Ereignisraum ist in der Statistik ein wichtiger Fachausdruck.（术语 Ereignisraum 是统计学中的重要专业表达，意思是事件空间。）
Erfolgswahrscheinlichkeit,成功概率,Der Begriff Erfolgswahrscheinlichkeit muss im jeweiligen Wahrscheinlichkeitsmodell präzise definiert werden.（成功概率这个概念必须在相应概率模型中被精确定义。）
Ergebnis,结果,Der Begriff Ergebnis ist in der Statistik ein wichtiger Fachausdruck.（术语 Ergebnis 是统计学中的重要专业表达，意思是结果。）
Ergebnisraum,结果空间/样本空间,Der Begriff Ergebnisraum ist in der Statistik ein wichtiger Fachausdruck.（术语 Ergebnisraum 是统计学中的重要专业表达，意思是结果空间/样本空间。）
erwartete Häufigkeit,期望频数,Der Begriff erwartete Häufigkeit spielt bei der Interpretation statistischer Ergebnisse eine wichtige Rolle.（期望频数在解释统计结果时很重要。）
Erwartungswert,期望值,Der Erwartungswert beschreibt den theoretischen Schwerpunkt einer Verteilung.（期望值描述一个分布的理论重心。）
Erzeuger,生成元/生成系统,Der Begriff Erzeuger ist in der Statistik ein wichtiger Fachausdruck.（术语 Erzeuger 是统计学中的重要专业表达，意思是生成元/生成系统。）
erzeugte σ-Algebra,生成的 σ-代数,Der Begriff erzeugte σ-Algebra ist in der Statistik ein wichtiger Fachausdruck.（术语 erzeugte σ-Algebra 是统计学中的重要专业表达，意思是生成的 σ-代数。）
Estimand,估计目标,Der Begriff Estimand ist in der Statistik ein wichtiger Fachausdruck.（术语 Estimand 是统计学中的重要专业表达，意思是估计目标。）
Estimate,估计值,Der Begriff Estimate ist in der Statistik ein wichtiger Fachausdruck.（术语 Estimate 是统计学中的重要专业表达，意思是估计值。）
Estimator,估计量,Der Begriff Estimator ist in der Statistik ein wichtiger Fachausdruck.（术语 Estimator 是统计学中的重要专业表达，意思是估计量。）
Exponentialfamilie,指数族,Der Begriff Exponentialfamilie ist in der Statistik ein wichtiger Fachausdruck.（术语 Exponentialfamilie 是统计学中的重要专业表达，意思是指数族。）
Exponentialverteilung,指数分布,Die Exponentialverteilung wird häufig zur Modellierung von Wartezeiten verwendet.（指数分布常用于等待时间建模。）
Fahrrad,自行车,Der Begriff Fahrrad ist in der Statistik ein wichtiger Fachausdruck.（术语 Fahrrad 是统计学中的重要专业表达，意思是自行车。）
falsch negativ,假阴性,Der Begriff falsch negativ ist in der Statistik ein wichtiger Fachausdruck.（术语 falsch negativ 是统计学中的重要专业表达，意思是假阴性。）
falsch positiv,假阳性,Der Begriff falsch positiv ist in der Statistik ein wichtiger Fachausdruck.（术语 falsch positiv 是统计学中的重要专业表达，意思是假阳性。）
Faltung,卷积,Der Begriff Faltung spielt bei der Interpretation statistischer Ergebnisse eine wichtige Rolle.（卷积在解释统计结果时很重要。）
Farbskala,色标,Der Begriff Farbskala ist in der Statistik ein wichtiger Fachausdruck.（术语 Farbskala 是统计学中的重要专业表达，意思是色标。）
fast sicher,几乎必然,Der Begriff fast sicher ist in der Statistik ein wichtiger Fachausdruck.（术语 fast sicher 是统计学中的重要专业表达，意思是几乎必然。）
fast sichere Konvergenz,几乎必然收敛,Fast sichere Konvergenz ist stärker als Konvergenz in Wahrscheinlichkeit.（几乎必然收敛强于依概率收敛。）
Fehler,误差,Der Begriff Fehler ist in der Statistik ein wichtiger Fachausdruck.（术语 Fehler 是统计学中的重要专业表达，意思是误差。）
Feinstaub,细颗粒物,Der Begriff Feinstaub ist in der Statistik ein wichtiger Fachausdruck.（术语 Feinstaub 是统计学中的重要专业表达，意思是细颗粒物。）
Formparameter,形状参数,Der Begriff Formparameter ist in der Statistik ein wichtiger Fachausdruck.（术语 Formparameter 是统计学中的重要专业表达，意思是形状参数。）
Fouriertransformation,Fourier 变换,Der Begriff Fouriertransformation ist in der Statistik ein wichtiger Fachausdruck.（术语 Fouriertransformation 是统计学中的重要专业表达，意思是Fourier 变换。）
Fragebogen,问卷,Der Begriff Fragebogen ist in der Statistik ein wichtiger Fachausdruck.（术语 Fragebogen 是统计学中的重要专业表达，意思是问卷。）
Gamma-Verteilung,Gamma 分布,"Die Gamma-Verteilung beschreibt, wie Wahrscheinlichkeiten auf mögliche Werte verteilt sind.（Gamma 分布描述概率如何分布在可能取值上。）"
Gauss-Prozess,Gaussian 过程,Der Begriff Gauss-Prozess ist in der Statistik ein wichtiger Fachausdruck.（术语 Gauss-Prozess 是统计学中的重要专业表达，意思是Gaussian 过程。）
Gaußprozess,Gaussian 过程,Der Begriff Gaußprozess ist in der Statistik ein wichtiger Fachausdruck.（术语 Gaußprozess 是统计学中的重要专业表达，意思是Gaussian 过程。）
gemeinsame Dichte,联合密度,Der Begriff gemeinsame Dichte ist in der Statistik ein wichtiger Fachausdruck.（术语 gemeinsame Dichte 是统计学中的重要专业表达，意思是联合密度。）
gemeinsame Verteilung,联合分布,"Die gemeinsame Verteilung beschreibt, wie Wahrscheinlichkeiten auf mögliche Werte verteilt sind.（联合分布描述概率如何分布在可能取值上。）"
Geometrie,几何对象,Der Begriff Geometrie ist in der Statistik ein wichtiger Fachausdruck.（术语 Geometrie 是统计学中的重要专业表达，意思是几何对象。）
geometrische Verteilung,几何分布,"Die geometrische Verteilung beschreibt, wie Wahrscheinlichkeiten auf mögliche Werte verteilt sind.（几何分布描述概率如何分布在可能取值上。）"
geometrisches Mittel,几何平均数,Der Begriff geometrisches Mittel ist in der Statistik ein wichtiger Fachausdruck.（术语 geometrisches Mittel 是统计学中的重要专业表达，意思是几何平均数。）
Geschlecht,性别,Der Begriff Geschlecht ist in der Statistik ein wichtiger Fachausdruck.（术语 Geschlecht 是统计学中的重要专业表达，意思是性别。）
Gesetz der großen Zahlen,大数定律,"Das Gesetz der großen Zahlen erklärt, warum Stichprobenmittelwerte stabil werden.（大数定律解释了为什么样本均值会趋于稳定。）"
Gesunde,健康者,Der Begriff Gesunde ist in der Statistik ein wichtiger Fachausdruck.（术语 Gesunde 是统计学中的重要专业表达，意思是健康者。）
GFDL,GNU 自由文档许可证,Der Begriff GFDL ist in der Statistik ein wichtiger Fachausdruck.（术语 GFDL 是统计学中的重要专业表达，意思是GNU 自由文档许可证。）
Gini-Koeffizient,Gini 系数,Der Begriff Gini-Koeffizient ist in der Statistik ein wichtiger Fachausdruck.（术语 Gini-Koeffizient 是统计学中的重要专业表达，意思是Gini 系数。）
Gleichverteilung,均匀分布,"Die Gleichverteilung beschreibt, wie Wahrscheinlichkeiten auf mögliche Werte verteilt sind.（均匀分布描述概率如何分布在可能取值上。）"
Glivenko-Cantelli,Glivenko-Cantelli 定理,Der Begriff Glivenko-Cantelli ist in der Statistik ein wichtiger Fachausdruck.（术语 Glivenko-Cantelli 是统计学中的重要专业表达，意思是Glivenko-Cantelli 定理。）
Grammar of Graphics,图形语法,Der Begriff Grammar of Graphics ist in der Statistik ein wichtiger Fachausdruck.（术语 Grammar of Graphics 是统计学中的重要专业表达，意思是图形语法。）
Grundgesamtheit,总体,Der Begriff Grundgesamtheit ist in der Statistik ein wichtiger Fachausdruck.（术语 Grundgesamtheit 是统计学中的重要专业表达，意思是总体。）
Grundraum,样本空间,Der Begriff Grundraum ist in der Statistik ein wichtiger Fachausdruck.（术语 Grundraum 是统计学中的重要专业表达，意思是样本空间。）
Häufigkeit,频数,Der Begriff Häufigkeit spielt bei der Interpretation statistischer Ergebnisse eine wichtige Rolle.（频数在解释统计结果时很重要。）
Häufigkeitstabelle,频数表,Der Begriff Häufigkeitstabelle ist in der Statistik ein wichtiger Fachausdruck.（术语 Häufigkeitstabelle 是统计学中的重要专业表达，意思是频数表。）
harmonisches Mittel,调和平均数,Der Begriff harmonisches Mittel ist in der Statistik ein wichtiger Fachausdruck.（术语 harmonisches Mittel 是统计学中的重要专业表达，意思是调和平均数。）
Hazardrate,风险率/危险率,Der Begriff Hazardrate ist in der Statistik ein wichtiger Fachausdruck.（术语 Hazardrate 是统计学中的重要专业表达，意思是风险率/危险率。）
Herfindahl-Index,Herfindahl 指数,Der Begriff Herfindahl-Index ist in der Statistik ein wichtiger Fachausdruck.（术语 Herfindahl-Index 是统计学中的重要专业表达，意思是Herfindahl 指数。）
Histogramm,直方图,Ein Histogramm hängt von der Wahl der Klassenbreite ab.（直方图受组距选择影响。）
hypergeometrische Verteilung,超几何分布,"Die hypergeometrische Verteilung beschreibt, wie Wahrscheinlichkeiten auf mögliche Werte verteilt sind.（超几何分布描述概率如何分布在可能取值上。）"
Hypothese,假设,Der Begriff Hypothese ist in der Statistik ein wichtiger Fachausdruck.（术语 Hypothese 是统计学中的重要专业表达，意思是假设。）
iid,独立同分布,Der Begriff iid ist in der Statistik ein wichtiger Fachausdruck.（术语 iid 是统计学中的重要专业表达，意思是独立同分布。）
Indikatorfunktion,指示函数,"Der Begriff Indikatorfunktion wird verwendet, um eine Verteilung oder eine Transformation formal zu beschreiben.（指示函数用于形式化描述分布或变换。）"
induktive Statistik,推断统计/归纳统计,Der Begriff induktive Statistik ist in der Statistik ein wichtiger Fachausdruck.（术语 induktive Statistik 是统计学中的重要专业表达，意思是推断统计/归纳统计。）
Infektionsrate,感染率,Der Begriff Infektionsrate ist in der Statistik ein wichtiger Fachausdruck.（术语 Infektionsrate 是统计学中的重要专业表达，意思是感染率。）
Inferenz,推断,Der Begriff Inferenz ist in der Statistik ein wichtiger Fachausdruck.（术语 Inferenz 是统计学中的重要专业表达，意思是推断。）
Inferenzstatistik,推断统计,Der Begriff Inferenzstatistik ist in der Statistik ein wichtiger Fachausdruck.（术语 Inferenzstatistik 是统计学中的重要专业表达，意思是推断统计。）
Interquartilsabstand,四分位距,Der Begriff Interquartilsabstand ist in der Statistik ein wichtiger Fachausdruck.（术语 Interquartilsabstand 是统计学中的重要专业表达，意思是四分位距。）
Intervallskala,区间尺度,Der Begriff Intervallskala ist in der Statistik ein wichtiger Fachausdruck.（术语 Intervallskala 是统计学中的重要专业表达，意思是区间尺度。）
Inverse-Transformations-Methode,反函数法,Der Begriff Inverse-Transformations-Methode ist in der Statistik ein wichtiger Fachausdruck.（术语 Inverse-Transformations-Methode 是统计学中的重要专业表达，意思是反函数法。）
Irrfahrt,随机游走,Der Begriff Irrfahrt ist in der Statistik ein wichtiger Fachausdruck.（术语 Irrfahrt 是统计学中的重要专业表达，意思是随机游走。）
Jensen-Ungleichung,Jensen 不等式,Der Begriff Jensen-Ungleichung spielt bei der Interpretation statistischer Ergebnisse eine wichtige Rolle.（Jensen 不等式在解释统计结果时很重要。）
kausale Struktur,因果结构,Der Begriff kausale Struktur ist in der Statistik ein wichtiger Fachausdruck.（术语 kausale Struktur 是统计学中的重要专业表达，意思是因果结构。）
Kausalität,因果,Der Begriff Kausalität ist in der Statistik ein wichtiger Fachausdruck.（术语 Kausalität 是统计学中的重要专业表达，意思是因果。）
Kennwert,特征值/统计指标,Der Begriff Kennwert ist in der Statistik ein wichtiger Fachausdruck.（术语 Kennwert 是统计学中的重要专业表达，意思是特征值/统计指标。）
Kerndichteschätzer,核密度估计量,Der Begriff Kerndichteschätzer ist in der Statistik ein wichtiger Fachausdruck.（术语 Kerndichteschätzer 是统计学中的重要专业表达，意思是核密度估计量。）
Kerndichteschätzung,核密度估计,Der Begriff Kerndichteschätzung spielt bei der Interpretation statistischer Ergebnisse eine wichtige Rolle.（核密度估计在解释统计结果时很重要。）
Khinchine,Khinchine 定理,Der Begriff Khinchine ist in der Statistik ein wichtiger Fachausdruck.（术语 Khinchine 是统计学中的重要专业表达，意思是Khinchine 定理。）
Köln,科隆,Der Begriff Köln ist in der Statistik ein wichtiger Fachausdruck.（术语 Köln 是统计学中的重要专业表达，意思是科隆。）
Kolmogorov-Axiome,Kolmogorov 公理,Der Begriff Kolmogorov-Axiome ist in der Statistik ein wichtiger Fachausdruck.（术语 Kolmogorov-Axiome 是统计学中的重要专业表达，意思是Kolmogorov 公理。）
Kombinatorik,组合数学,Der Begriff Kombinatorik ist in der Statistik ein wichtiger Fachausdruck.（术语 Kombinatorik 是统计学中的重要专业表达，意思是组合数学。）
Komplement,补集,Der Begriff Komplement ist in der Statistik ein wichtiger Fachausdruck.（术语 Komplement 是统计学中的重要专业表达，意思是补集。）
konfidenz,置信,Der Begriff konfidenz ist in der Statistik ein wichtiger Fachausdruck.（术语 konfidenz 是统计学中的重要专业表达，意思是置信。）
Konfidenzintervall,置信区间,Ein Konfidenzintervall quantifiziert die Unsicherheit einer Schätzung.（置信区间量化估计的不确定性。）
konkordant,协同的,Der Begriff konkordant ist in der Statistik ein wichtiger Fachausdruck.（术语 konkordant 是统计学中的重要专业表达，意思是协同的。）
Kontingenztafel,列联表,Der Begriff Kontingenztafel ist in der Statistik ein wichtiger Fachausdruck.（术语 Kontingenztafel 是统计学中的重要专业表达，意思是列联表。）
Konvergenz,收敛,Die Konvergenz beschreibt das Grenzverhalten einer Folge von Zufallsvariablen.（收敛描述随机变量序列的极限行为。）
Konvergenz im Moment,矩收敛,Die Konvergenz im Moment beschreibt das Grenzverhalten einer Folge von Zufallsvariablen.（矩收敛描述随机变量序列的极限行为。）
Konvergenz in Verteilung,依分布收敛,"Die Konvergenz in Verteilung beschreibt, wie Wahrscheinlichkeiten auf mögliche Werte verteilt sind.（依分布收敛描述概率如何分布在可能取值上。）"
Konvergenz in Wahrscheinlichkeit,依概率收敛,Der Begriff Konvergenz in Wahrscheinlichkeit muss im jeweiligen Wahrscheinlichkeitsmodell präzise definiert werden.（依概率收敛这个概念必须在相应概率模型中被精确定义。）
Konzentration,集中度,Der Begriff Konzentration ist in der Statistik ein wichtiger Fachausdruck.（术语 Konzentration 是统计学中的重要专业表达，意思是集中度。）
Koordinatensystem,坐标系,Der Begriff Koordinatensystem ist in der Statistik ein wichtiger Fachausdruck.（术语 Koordinatensystem 是统计学中的重要专业表达，意思是坐标系。）
Korrelation,相关,Eine hohe Korrelation beweist keine Kausalität.（高度相关不能证明因果关系。）
Korrelationskoeffizient,相关系数,Der Begriff Korrelationskoeffizient ist in der Statistik ein wichtiger Fachausdruck.（术语 Korrelationskoeffizient 是统计学中的重要专业表达，意思是相关系数。）
Korrelationsmatrix,相关矩阵,Der Begriff Korrelationsmatrix fasst mehrere zusammengehörige Größen in Tabellenform zusammen.（相关矩阵以表格形式汇总多个相关量。）
Kovarianz,协方差,Die Kovarianz misst die gemeinsame lineare Veränderung zweier Variablen.（协方差衡量两个变量的共同线性变化。）
Kovarianzmatrix,协方差矩阵,Der Begriff Kovarianzmatrix fasst mehrere zusammengehörige Größen in Tabellenform zusammen.（协方差矩阵以表格形式汇总多个相关量。）
Kranke,患病者,Der Begriff Kranke ist in der Statistik ein wichtiger Fachausdruck.（术语 Kranke 是统计学中的重要专业表达，意思是患病者。）
Krankheit,疾病,Der Begriff Krankheit ist in der Statistik ein wichtiger Fachausdruck.（术语 Krankheit 是统计学中的重要专业表达，意思是疾病。）
Kreisdiagramm,饼图,Der Begriff Kreisdiagramm ist in der Statistik ein wichtiger Fachausdruck.（术语 Kreisdiagramm 是统计学中的重要专业表达，意思是饼图。）
kumulative Verteilungsfunktion,累积分布函数,"Die kumulative Verteilungsfunktion beschreibt, wie Wahrscheinlichkeiten auf mögliche Werte verteilt sind.（累积分布函数描述概率如何分布在可能取值上。）"
Kurtosis,峰度,Der Begriff Kurtosis ist in der Statistik ein wichtiger Fachausdruck.（术语 Kurtosis 是统计学中的重要专业表达，意思是峰度。）
Längsschnittdaten,纵向数据,"Der Begriff Längsschnittdaten verweist auf Informationen, die vor der statistischen Analyse sorgfältig geprüft werden müssen.（纵向数据指统计分析前必须仔细检查的信息。）"
Lagemaß,位置指标,Der Begriff Lagemaß ordnet mathematischen Objekten eine interpretierbare Größe zu.（位置指标给数学对象赋予可解释的大小。）
Lagemaße,位置指标,Der Begriff Lagemaße ordnet mathematischen Objekten eine interpretierbare Größe zu.（位置指标给数学对象赋予可解释的大小。）
Laplace-Prinzip,Laplace 原理,Der Begriff Laplace-Prinzip ist in der Statistik ein wichtiger Fachausdruck.（术语 Laplace-Prinzip 是统计学中的重要专业表达，意思是Laplace 原理。）
Lebesgue-Integral,Lebesgue 积分,Der Erwartungswert wird maßtheoretisch als Lebesgue-Integral definiert.（在测度论中，期望被定义为 Lebesgue 积分。）
Lebesgue-Maß,Lebesgue 测度,Der Begriff Lebesgue-Maß ordnet mathematischen Objekten eine interpretierbare Größe zu.（Lebesgue 测度给数学对象赋予可解释的大小。）
Likelihood,似然,Der Begriff Likelihood ist in der Statistik ein wichtiger Fachausdruck.（术语 Likelihood 是统计学中的重要专业表达，意思是似然。）
Likelihood Ratio,似然比,Der Begriff Likelihood Ratio ist in der Statistik ein wichtiger Fachausdruck.（术语 Likelihood Ratio 是统计学中的重要专业表达，意思是似然比。）
linearer Zusammenhang,线性关系,Der Begriff linearer Zusammenhang ist in der Statistik ein wichtiger Fachausdruck.（术语 linearer Zusammenhang 是统计学中的重要专业表达，意思是线性关系。）
Linie,线,Der Begriff Linie ist in der Statistik ein wichtiger Fachausdruck.（术语 Linie 是统计学中的重要专业表达，意思是线。）
Literatur,文献,Der Begriff Literatur ist in der Statistik ein wichtiger Fachausdruck.（术语 Literatur 是统计学中的重要专业表达，意思是文献。）
Lizenz,授权,Der Begriff Lizenz ist in der Statistik ein wichtiger Fachausdruck.（术语 Lizenz 是统计学中的重要专业表达，意思是授权。）
Lorenzkurve,Lorenz 曲线,Der Begriff Lorenzkurve ist in der Statistik ein wichtiger Fachausdruck.（术语 Lorenzkurve 是统计学中的重要专业表达，意思是Lorenz 曲线。）
Mächtigkeit,势/基数,Der Begriff Mächtigkeit spielt bei der Interpretation statistischer Ergebnisse eine wichtige Rolle.（势/基数在解释统计结果时很重要。）
Markov Chain Monte Carlo,Markov 链 Monte Carlo,Der Begriff Markov Chain Monte Carlo ist in der Statistik ein wichtiger Fachausdruck.（术语 Markov Chain Monte Carlo 是统计学中的重要专业表达，意思是Markov 链 Monte Carlo。）
Markov-Eigenschaft,Markov 性,Der Begriff Markov-Eigenschaft ist in der Statistik ein wichtiger Fachausdruck.（术语 Markov-Eigenschaft 是统计学中的重要专业表达，意思是Markov 性。）
Markov-Kette,Markov 链,In einer Markov-Kette hängt die Zukunft bedingt auf die Gegenwart nicht von der Vergangenheit ab.（在 Markov 链中，给定现在后，未来不依赖过去。）
Markov-Ungleichung,Markov 不等式,Der Begriff Markov-Ungleichung spielt bei der Interpretation statistischer Ergebnisse eine wichtige Rolle.（Markov 不等式在解释统计结果时很重要。）
Masern,麻疹,Der Begriff Masern ist in der Statistik ein wichtiger Fachausdruck.（术语 Masern 是统计学中的重要专业表达，意思是麻疹。）
Maß,测度,Der Begriff Maß ordnet mathematischen Objekten eine interpretierbare Größe zu.（测度给数学对象赋予可解释的大小。）
Masseindeutigkeitssatz,测度唯一性定理,Der Begriff Masseindeutigkeitssatz ordnet mathematischen Objekten eine interpretierbare Größe zu.（测度唯一性定理给数学对象赋予可解释的大小。）
Maßraum,测度空间,Der Begriff Maßraum ordnet mathematischen Objekten eine interpretierbare Größe zu.（测度空间给数学对象赋予可解释的大小。）
MCMC,Markov 链 Monte Carlo,Der Begriff MCMC ist in der Statistik ein wichtiger Fachausdruck.（术语 MCMC 是统计学中的重要专业表达，意思是Markov 链 Monte Carlo。）
Median,中位数,Der Median ist robuster gegenüber Ausreißern als das arithmetische Mittel.（中位数比算术平均数更抗离群值。）
Mediator,中介变量,Der Begriff Mediator ist in der Statistik ein wichtiger Fachausdruck.（术语 Mediator 是统计学中的重要专业表达，意思是中介变量。）
Menge,集合,Der Begriff Menge ist in der Statistik ein wichtiger Fachausdruck.（术语 Menge 是统计学中的重要专业表达，意思是集合。）
Mengensystem,集合系统,Der Begriff Mengensystem ist in der Statistik ein wichtiger Fachausdruck.（术语 Mengensystem 是统计学中的重要专业表达，意思是集合系统。）
Merkmal,变量/特征,Der Begriff Merkmal ist in der Statistik ein wichtiger Fachausdruck.（术语 Merkmal 是统计学中的重要专业表达，意思是变量/特征。）
Merkmalsausprägung,特征取值,Der Begriff Merkmalsausprägung spielt bei der Interpretation statistischer Ergebnisse eine wichtige Rolle.（特征取值在解释统计结果时很重要。）
Merkmalsraum,特征空间,Der Begriff Merkmalsraum ist in der Statistik ein wichtiger Fachausdruck.（术语 Merkmalsraum 是统计学中的重要专业表达，意思是特征空间。）
Merkmalssumme,特征总量,Der Begriff Merkmalssumme ist in der Statistik ein wichtiger Fachausdruck.（术语 Merkmalssumme 是统计学中的重要专业表达，意思是特征总量。）
messbar,可测的,Der Begriff messbar ist in der Statistik ein wichtiger Fachausdruck.（术语 messbar 是统计学中的重要专业表达，意思是可测的。）
messbare Abbildung,可测映射,Der Begriff messbare Abbildung spielt bei der Interpretation statistischer Ergebnisse eine wichtige Rolle.（可测映射在解释统计结果时很重要。）
Messung,测量,Der Begriff Messung spielt bei der Interpretation statistischer Ergebnisse eine wichtige Rolle.（测量在解释统计结果时很重要。）
metrisches Merkmal,度量变量,Der Begriff metrisches Merkmal ist in der Statistik ein wichtiger Fachausdruck.（术语 metrisches Merkmal 是统计学中的重要专业表达，意思是度量变量。）
Miete,租金,Der Begriff Miete ist in der Statistik ein wichtiger Fachausdruck.（术语 Miete 是统计学中的重要专业表达，意思是租金。）
Mietpreis,租金价格,Der Begriff Mietpreis ist in der Statistik ein wichtiger Fachausdruck.（术语 Mietpreis 是统计学中的重要专业表达，意思是租金价格。）
Mietspiegel,租金参考表,Der Begriff Mietspiegel ist in der Statistik ein wichtiger Fachausdruck.（术语 Mietspiegel 是统计学中的重要专业表达，意思是租金参考表。）
Mischverteilung,混合分布,"Die Mischverteilung beschreibt, wie Wahrscheinlichkeiten auf mögliche Werte verteilt sind.（混合分布描述概率如何分布在可能取值上。）"
mit Zurücklegen,有放回,Der Begriff mit Zurücklegen ist in der Statistik ein wichtiger Fachausdruck.（术语 mit Zurücklegen 是统计学中的重要专业表达，意思是有放回。）
Mittelwert,平均数,Der Begriff Mittelwert ist in der Statistik ein wichtiger Fachausdruck.（术语 Mittelwert 是统计学中的重要专业表达，意思是平均数。）
Modell,模型,Der Begriff Modell ist in der Statistik ein wichtiger Fachausdruck.（术语 Modell 是统计学中的重要专业表达，意思是模型。）
Modus,众数,Der Begriff Modus ist in der Statistik ein wichtiger Fachausdruck.（术语 Modus 是统计学中的重要专业表达，意思是众数。）
Moment,矩,Der Begriff Moment ist in der Statistik ein wichtiger Fachausdruck.（术语 Moment 是统计学中的重要专业表达，意思是矩。）
momenterzeugende Funktion,矩母函数,"Der Begriff momenterzeugende Funktion wird verwendet, um eine Verteilung oder eine Transformation formal zu beschreiben.（矩母函数用于形式化描述分布或变换。）"
Monte-Carlo-Verfahren,Monte Carlo 方法,Der Begriff Monte-Carlo-Verfahren ist in der Statistik ein wichtiger Fachausdruck.（术语 Monte-Carlo-Verfahren 是统计学中的重要专业表达，意思是Monte Carlo 方法。）
Mosaikplot,马赛克图,Der Begriff Mosaikplot ist in der Statistik ein wichtiger Fachausdruck.（术语 Mosaikplot 是统计学中的重要专业表达，意思是马赛克图。）
multinomial,多项的,Der Begriff multinomial ist in der Statistik ein wichtiger Fachausdruck.（术语 multinomial 是统计学中的重要专业表达，意思是多项的。）
Multinomialverteilung,多项分布,"Die Multinomialverteilung beschreibt, wie Wahrscheinlichkeiten auf mögliche Werte verteilt sind.（多项分布描述概率如何分布在可能取值上。）"
multivariate Normalverteilung,多元正态分布,"Die multivariate Normalverteilung beschreibt, wie Wahrscheinlichkeiten auf mögliche Werte verteilt sind.（多元正态分布描述概率如何分布在可能取值上。）"
negative Binomialverteilung,负二项分布,"Die negative Binomialverteilung beschreibt, wie Wahrscheinlichkeiten auf mögliche Werte verteilt sind.（负二项分布描述概率如何分布在可能取值上。）"
negativer prädiktiver Wert,阴性预测值,Der Begriff negativer prädiktiver Wert ist in der Statistik ein wichtiger Fachausdruck.（术语 negativer prädiktiver Wert 是统计学中的重要专业表达，意思是阴性预测值。）
Nominalskala,名义尺度,Der Begriff Nominalskala ist in der Statistik ein wichtiger Fachausdruck.（术语 Nominalskala 是统计学中的重要专业表达，意思是名义尺度。）
Norm,范数,Der Begriff Norm ist in der Statistik ein wichtiger Fachausdruck.（术语 Norm 是统计学中的重要专业表达，意思是范数。）
Normalverteilung,正态分布,Die Normalverteilung spielt im zentralen Grenzwertsatz eine zentrale Rolle.（正态分布在中心极限定理中起核心作用。）
Normiertheit,规范化,Der Begriff Normiertheit ist in der Statistik ein wichtiger Fachausdruck.（术语 Normiertheit 是统计学中的重要专业表达，意思是规范化。）
Nullhypothese,零假设,Der Begriff Nullhypothese ist in der Statistik ein wichtiger Fachausdruck.（术语 Nullhypothese 是统计学中的重要专业表达，意思是零假设。）
Odds,赔率,Der Begriff Odds ist in der Statistik ein wichtiger Fachausdruck.（术语 Odds 是统计学中的重要专业表达，意思是赔率。）
Odds Ratio,优势比,Der Begriff Odds Ratio ist in der Statistik ein wichtiger Fachausdruck.（术语 Odds Ratio 是统计学中的重要专业表达，意思是优势比。）
ohne Zurücklegen,无放回,Der Begriff ohne Zurücklegen ist in der Statistik ein wichtiger Fachausdruck.（术语 ohne Zurücklegen 是统计学中的重要专业表达，意思是无放回。）
Operationalisierung,操作化定义/操作化测量,Der Begriff Operationalisierung spielt bei der Interpretation statistischer Ergebnisse eine wichtige Rolle.（操作化定义/操作化测量在解释统计结果时很重要。）
Ordinalskala,顺序尺度,Der Begriff Ordinalskala ist in der Statistik ein wichtiger Fachausdruck.（术语 Ordinalskala 是统计学中的重要专业表达，意思是顺序尺度。）
Paneldaten,面板数据,"Der Begriff Paneldaten verweist auf Informationen, die vor der statistischen Analyse sorgfältig geprüft werden müssen.（面板数据指统计分析前必须仔细检查的信息。）"
Parameter,参数,Der Begriff Parameter ist in der Statistik ein wichtiger Fachausdruck.（术语 Parameter 是统计学中的重要专业表达，意思是参数。）
Parameterschätzung,参数估计,Der Begriff Parameterschätzung spielt bei der Interpretation statistischer Ergebnisse eine wichtige Rolle.（参数估计在解释统计结果时很重要。）
Pareto-Verteilung,Pareto 分布,"Die Pareto-Verteilung beschreibt, wie Wahrscheinlichkeiten auf mögliche Werte verteilt sind.（Pareto 分布描述概率如何分布在可能取值上。）"
Partei,政党,Der Begriff Partei ist in der Statistik ein wichtiger Fachausdruck.（术语 Partei 是统计学中的重要专业表达，意思是政党。）
Passagier,乘客,Der Begriff Passagier ist in der Statistik ein wichtiger Fachausdruck.（术语 Passagier 是统计学中的重要专业表达，意思是乘客。）
Patient,患者,Der Begriff Patient ist in der Statistik ein wichtiger Fachausdruck.（术语 Patient 是统计学中的重要专业表达，意思是患者。）
Pearson-Korrelation,Pearson 相关,Der Begriff Pearson-Korrelation ist in der Statistik ein wichtiger Fachausdruck.（术语 Pearson-Korrelation 是统计学中的重要专业表达，意思是Pearson 相关。）
Pearson-Residuum,Pearson 残差,Der Begriff Pearson-Residuum ist in der Statistik ein wichtiger Fachausdruck.（术语 Pearson-Residuum 是统计学中的重要专业表达，意思是Pearson 残差。）
Person,个人/人员,Der Begriff Person ist in der Statistik ein wichtiger Fachausdruck.（术语 Person 是统计学中的重要专业表达，意思是个人/人员。）
Poisson-Prozess,Poisson 过程,Der Begriff Poisson-Prozess ist in der Statistik ein wichtiger Fachausdruck.（术语 Poisson-Prozess 是统计学中的重要专业表达，意思是Poisson 过程。）
Poisson-Verteilung,Poisson 分布,Die Poisson-Verteilung modelliert häufig die Anzahl seltener Ereignisse in einem Zeitintervall.（Poisson 分布常刻画某时间区间内稀有事件的次数。）
Population,总体,Der Begriff Population ist in der Statistik ein wichtiger Fachausdruck.（术语 Population 是统计学中的重要专业表达，意思是总体。）
Portmanteau,Portmanteau 定理,Der Begriff Portmanteau ist in der Statistik ein wichtiger Fachausdruck.（术语 Portmanteau 是统计学中的重要专业表达，意思是Portmanteau 定理。）
positiver prädiktiver Wert,阳性预测值,Der Begriff positiver prädiktiver Wert ist in der Statistik ein wichtiger Fachausdruck.（术语 positiver prädiktiver Wert 是统计学中的重要专业表达，意思是阳性预测值。）
Potenzmenge,幂集,Der Begriff Potenzmenge ist in der Statistik ein wichtiger Fachausdruck.（术语 Potenzmenge 是统计学中的重要专业表达，意思是幂集。）
Prädiktion,预测,Der Begriff Prädiktion ist in der Statistik ein wichtiger Fachausdruck.（术语 Prädiktion 是统计学中的重要专业表达，意思是预测。）
Prävalenz,患病率/基础率,Der Begriff Prävalenz ist in der Statistik ein wichtiger Fachausdruck.（术语 Prävalenz 是统计学中的重要专业表达，意思是患病率/基础率。）
Produktmaß,乘积测度,Der Begriff Produktmaß ordnet mathematischen Objekten eine interpretierbare Größe zu.（乘积测度给数学对象赋予可解释的大小。）
Prognose,预测,Der Begriff Prognose ist in der Statistik ein wichtiger Fachausdruck.（术语 Prognose 是统计学中的重要专业表达，意思是预测。）
Quantil,分位数,"Das 0,5-Quantil entspricht einem Median der Verteilung.（0.5 分位数对应分布的一个中位数。）"
Quantilsfunktion,分位数函数,"Der Begriff Quantilsfunktion wird verwendet, um eine Verteilung oder eine Transformation formal zu beschreiben.（分位数函数用于形式化描述分布或变换。）"
Quelle,来源,Der Begriff Quelle ist in der Statistik ein wichtiger Fachausdruck.（术语 Quelle 是统计学中的重要专业表达，意思是来源。）
Querschnittsdaten,横截面数据,"Der Begriff Querschnittsdaten verweist auf Informationen, die vor der statistischen Analyse sorgfältig geprüft werden müssen.（横截面数据指统计分析前必须仔细检查的信息。）"
Radon-Nikodym-Dichte,Radon-Nikodym 密度,Der Begriff Radon-Nikodym-Dichte ist in der Statistik ein wichtiger Fachausdruck.（术语 Radon-Nikodym-Dichte 是统计学中的重要专业表达，意思是Radon-Nikodym 密度。）
Randhäufigkeit,边际频数,Der Begriff Randhäufigkeit spielt bei der Interpretation statistischer Ergebnisse eine wichtige Rolle.（边际频数在解释统计结果时很重要。）
Random Walk,随机游走,Der Begriff Random Walk ist in der Statistik ein wichtiger Fachausdruck.（术语 Random Walk 是统计学中的重要专业表达，意思是随机游走。）
Randverteilung,边际分布,Die Randverteilung erhält man aus der gemeinsamen Verteilung durch Summation oder Integration.（边际分布可由联合分布通过求和或积分得到。）
Rang,秩,Der Begriff Rang ist in der Statistik ein wichtiger Fachausdruck.（术语 Rang 是统计学中的重要专业表达，意思是秩。）
Rangkorrelation,秩相关,Der Begriff Rangkorrelation ist in der Statistik ein wichtiger Fachausdruck.（术语 Rangkorrelation 是统计学中的重要专业表达，意思是秩相关。）
Rate,率,Der Begriff Rate ist in der Statistik ein wichtiger Fachausdruck.（术语 Rate 是统计学中的重要专业表达，意思是率。）
Rechteck,矩形,Der Begriff Rechteck ist in der Statistik ein wichtiger Fachausdruck.（术语 Rechteck 是统计学中的重要专业表达，意思是矩形。）
rechtsstetig,右连续,Der Begriff rechtsstetig ist in der Statistik ein wichtiger Fachausdruck.（术语 rechtsstetig 是统计学中的重要专业表达，意思是右连续。）
Regelmäßigkeit,规律性,Der Begriff Regelmäßigkeit spielt bei der Interpretation statistischer Ergebnisse eine wichtige Rolle.（规律性在解释统计结果时很重要。）
Regen,降雨,Der Begriff Regen ist in der Statistik ein wichtiger Fachausdruck.（术语 Regen 是统计学中的重要专业表达，意思是降雨。）
relative Häufigkeit,相对频率,Der Begriff relative Häufigkeit spielt bei der Interpretation statistischer Ergebnisse eine wichtige Rolle.（相对频率在解释统计结果时很重要。）
Residuum,残差,Der Begriff Residuum ist in der Statistik ein wichtiger Fachausdruck.（术语 Residuum 是统计学中的重要专业表达，意思是残差。）
robust,稳健的,Der Begriff robust ist in der Statistik ein wichtiger Fachausdruck.（术语 robust 是统计学中的重要专业表达，意思是稳健的。）
ROC-Kurve,ROC 曲线,Der Begriff ROC-Kurve ist in der Statistik ein wichtiger Fachausdruck.（术语 ROC-Kurve 是统计学中的重要专业表达，意思是ROC 曲线。）
Satz,定理,Der Begriff Satz ist in der Statistik ein wichtiger Fachausdruck.（术语 Satz 是统计学中的重要专业表达，意思是定理。）
Satz vom iterierten Erwartungswert,迭代期望定理,Der Begriff Satz vom iterierten Erwartungswert ist in der Statistik ein wichtiger Fachausdruck.（术语 Satz vom iterierten Erwartungswert 是统计学中的重要专业表达，意思是迭代期望定理。）
Satz von Bayes,Bayes 定理,Der Begriff Satz von Bayes ist in der Statistik ein wichtiger Fachausdruck.（术语 Satz von Bayes 是统计学中的重要专业表达，意思是Bayes 定理。）
Satz von der totalen Varianz,全方差公式,Der Begriff Satz von der totalen Varianz ist in der Statistik ein wichtiger Fachausdruck.（术语 Satz von der totalen Varianz 是统计学中的重要专业表达，意思是全方差公式。）
Satz von Fubini,Fubini 定理,Der Begriff Satz von Fubini ist in der Statistik ein wichtiger Fachausdruck.（术语 Satz von Fubini 是统计学中的重要专业表达，意思是Fubini 定理。）
Satz von Radon-Nikodym,Radon-Nikodym 定理,Der Begriff Satz von Radon-Nikodym ist in der Statistik ein wichtiger Fachausdruck.（术语 Satz von Radon-Nikodym 是统计学中的重要专业表达，意思是Radon-Nikodym 定理。）
Scatterplot,散点图,Der Begriff Scatterplot ist in der Statistik ein wichtiger Fachausdruck.（术语 Scatterplot 是统计学中的重要专业表达，意思是散点图。）
Scatterplotmatrix,散点矩阵,Der Begriff Scatterplotmatrix fasst mehrere zusammengehörige Größen in Tabellenform zusammen.（散点矩阵以表格形式汇总多个相关量。）
Schätzer,估计量,Der Begriff Schätzer ist in der Statistik ein wichtiger Fachausdruck.（术语 Schätzer 是统计学中的重要专业表达，意思是估计量。）
Schätzung,估计,"Eine Schätzung nutzt Stichprobendaten, um einen unbekannten Parameter zu bestimmen.（估计利用样本数据确定未知参数。）"
Schiefe,偏度,Der Begriff Schiefe ist in der Statistik ein wichtiger Fachausdruck.（术语 Schiefe 是统计学中的重要专业表达，意思是偏度。）
Schweiz,瑞士,Der Begriff Schweiz ist in der Statistik ein wichtiger Fachausdruck.（术语 Schweiz 是统计学中的重要专业表达，意思是瑞士。）
Schwellenwert,阈值,Der Begriff Schwellenwert ist in der Statistik ein wichtiger Fachausdruck.（术语 Schwellenwert 是统计学中的重要专业表达，意思是阈值。）
Selektionsbias,选择偏差,Der Begriff Selektionsbias ist in der Statistik ein wichtiger Fachausdruck.（术语 Selektionsbias 是统计学中的重要专业表达，意思是选择偏差。）
Sensitivität,敏感性,Der Begriff Sensitivität ist in der Statistik ein wichtiger Fachausdruck.（术语 Sensitivität 是统计学中的重要专业表达，意思是敏感性。）
σ-Additivität,σ-可加性,Der Begriff σ-Additivität ist in der Statistik ein wichtiger Fachausdruck.（术语 σ-Additivität 是统计学中的重要专业表达，意思是σ-可加性。）
σ-Algebra,σ-代数,Der Begriff σ-Algebra ist in der Statistik ein wichtiger Fachausdruck.（术语 σ-Algebra 是统计学中的重要专业表达，意思是σ-代数。）
Simpson-Paradox,辛普森悖论,Der Begriff Simpson-Paradox ist in der Statistik ein wichtiger Fachausdruck.（术语 Simpson-Paradox 是统计学中的重要专业表达，意思是辛普森悖论。）
Simulation,模拟,Der Begriff Simulation ist in der Statistik ein wichtiger Fachausdruck.（术语 Simulation 是统计学中的重要专业表达，意思是模拟。）
Skala,尺度/标尺,Der Begriff Skala ist in der Statistik ein wichtiger Fachausdruck.（术语 Skala 是统计学中的重要专业表达，意思是尺度/标尺。）
Skalenniveau,尺度水平,Der Begriff Skalenniveau ist in der Statistik ein wichtiger Fachausdruck.（术语 Skalenniveau 是统计学中的重要专业表达，意思是尺度水平。）
Slutsky,Slutsky 定理,Der Begriff Slutsky ist in der Statistik ein wichtiger Fachausdruck.（术语 Slutsky 是统计学中的重要专业表达，意思是Slutsky 定理。）
Spannweite,极差,Der Begriff Spannweite ist in der Statistik ein wichtiger Fachausdruck.（术语 Spannweite 是统计学中的重要专业表达，意思是极差。）
Spearman-Korrelation,Spearman 秩相关,Der Begriff Spearman-Korrelation ist in der Statistik ein wichtiger Fachausdruck.（术语 Spearman-Korrelation 是统计学中的重要专业表达，意思是Spearman 秩相关。）
Spezifität,特异性,Der Begriff Spezifität ist in der Statistik ein wichtiger Fachausdruck.（术语 Spezifität 是统计学中的重要专业表达，意思是特异性。）
Standardabweichung,标准差,Der Begriff Standardabweichung spielt bei der Interpretation statistischer Ergebnisse eine wichtige Rolle.（标准差在解释统计结果时很重要。）
Standardfehler,标准误,Der Begriff Standardfehler ist in der Statistik ein wichtiger Fachausdruck.（术语 Standardfehler 是统计学中的重要专业表达，意思是标准误。）
standardisierte Residuen,标准化残差,Der Begriff standardisierte Residuen ist in der Statistik ein wichtiger Fachausdruck.（术语 standardisierte Residuen 是统计学中的重要专业表达，意思是标准化残差。）
Standardisierung,标准化,Der Begriff Standardisierung spielt bei der Interpretation statistischer Ergebnisse eine wichtige Rolle.（标准化在解释统计结果时很重要。）
Standardnormalverteilung,标准正态分布,"Die Standardnormalverteilung beschreibt, wie Wahrscheinlichkeiten auf mögliche Werte verteilt sind.（标准正态分布描述概率如何分布在可能取值上。）"
stationäre Verteilung,平稳分布,"Die stationäre Verteilung beschreibt, wie Wahrscheinlichkeiten auf mögliche Werte verteilt sind.（平稳分布描述概率如何分布在可能取值上。）"
statistische Einheit,统计单位,Der Begriff statistische Einheit ist in der Statistik ein wichtiger Fachausdruck.（术语 statistische Einheit 是统计学中的重要专业表达，意思是统计单位。）
stetig,连续的,Der Begriff stetig ist in der Statistik ein wichtiger Fachausdruck.（术语 stetig 是统计学中的重要专业表达，意思是连续的。）
stetige Verteilung,连续分布,"Die stetige Verteilung beschreibt, wie Wahrscheinlichkeiten auf mögliche Werte verteilt sind.（连续分布描述概率如何分布在可能取值上。）"
Stichprobe,样本,Eine Stichprobe ist ein beobachteter Teil der Grundgesamtheit.（样本是总体中被观测到的一部分。）
Stichprobenerhebung,抽样调查,Der Begriff Stichprobenerhebung spielt bei der Interpretation statistischer Ergebnisse eine wichtige Rolle.（抽样调查在解释统计结果时很重要。）
Stichprobenumfang,样本量,Der Begriff Stichprobenumfang ist in der Statistik ein wichtiger Fachausdruck.（术语 Stichprobenumfang 是统计学中的重要专业表达，意思是样本量。）
Stochastik,随机学,Der Begriff Stochastik ist in der Statistik ein wichtiger Fachausdruck.（术语 Stochastik 是统计学中的重要专业表达，意思是随机学。）
stochastisch,随机的,Der Begriff stochastisch ist in der Statistik ein wichtiger Fachausdruck.（术语 stochastisch 是统计学中的重要专业表达，意思是随机的。）
stochastische Unabhängigkeit,随机独立,Der Begriff stochastische Unabhängigkeit spielt bei der Interpretation statistischer Ergebnisse eine wichtige Rolle.（随机独立在解释统计结果时很重要。）
stochastischer Prozess,随机过程,Der Begriff stochastischer Prozess ist in der Statistik ein wichtiger Fachausdruck.（术语 stochastischer Prozess 是统计学中的重要专业表达，意思是随机过程。）
Streuungsmaß,离散指标,Der Begriff Streuungsmaß ordnet mathematischen Objekten eine interpretierbare Größe zu.（离散指标给数学对象赋予可解释的大小。）
Summe,和,Der Begriff Summe ist in der Statistik ein wichtiger Fachausdruck.（术语 Summe 是统计学中的重要专业表达，意思是和。）
Survived,是否幸存,Der Begriff Survived ist in der Statistik ein wichtiger Fachausdruck.（术语 Survived 是统计学中的重要专业表达，意思是是否幸存。）
Survivorfunktion,生存函数,"Der Begriff Survivorfunktion wird verwendet, um eine Verteilung oder eine Transformation formal zu beschreiben.（生存函数用于形式化描述分布或变换。）"
symmetrische Verteilung,对称分布,"Die symmetrische Verteilung beschreibt, wie Wahrscheinlichkeiten auf mögliche Werte verteilt sind.（对称分布描述概率如何分布在可能取值上。）"
t-Verteilung,t 分布,"Die t-Verteilung beschreibt, wie Wahrscheinlichkeiten auf mögliche Werte verteilt sind.（t 分布描述概率如何分布在可能取值上。）"
Teilmenge,子集,Der Begriff Teilmenge ist in der Statistik ein wichtiger Fachausdruck.（术语 Teilmenge 是统计学中的重要专业表达，意思是子集。）
Temperatur,温度,Der Begriff Temperatur ist in der Statistik ein wichtiger Fachausdruck.（术语 Temperatur 是统计学中的重要专业表达，意思是温度。）
Testergebnis,测试结果,Der Begriff Testergebnis ist in der Statistik ein wichtiger Fachausdruck.（术语 Testergebnis 是统计学中的重要专业表达，意思是测试结果。）
Titanic,Titanic 案例,Der Begriff Titanic ist in der Statistik ein wichtiger Fachausdruck.（术语 Titanic 是统计学中的重要专业表达，意思是Titanic 案例。）
Träger,支撑集,Der Begriff Träger ist in der Statistik ein wichtiger Fachausdruck.（术语 Träger 是统计学中的重要专业表达，意思是支撑集。）
Transformationssatz,变换定理,Der Begriff Transformationssatz ist in der Statistik ein wichtiger Fachausdruck.（术语 Transformationssatz 是统计学中的重要专业表达，意思是变换定理。）
Treppenfunktion,阶梯函数,"Der Begriff Treppenfunktion wird verwendet, um eine Verteilung oder eine Transformation formal zu beschreiben.（阶梯函数用于形式化描述分布或变换。）"
überabzählbar,不可数的,Der Begriff überabzählbar ist in der Statistik ein wichtiger Fachausdruck.（术语 überabzählbar 是统计学中的重要专业表达，意思是不可数的。）
Übergangsmatrix,转移矩阵,Der Begriff Übergangsmatrix fasst mehrere zusammengehörige Größen in Tabellenform zusammen.（转移矩阵以表格形式汇总多个相关量。）
Überleben,生存/幸存,Der Begriff Überleben ist in der Statistik ein wichtiger Fachausdruck.（术语 Überleben 是统计学中的重要专业表达，意思是生存/幸存。）
unabhängig,独立的,Der Begriff unabhängig ist in der Statistik ein wichtiger Fachausdruck.（术语 unabhängig 是统计学中的重要专业表达，意思是独立的。）
Unabhängigkeit,独立,Bei Unabhängigkeit faktorisiert die gemeinsame Verteilung in die Randverteilungen.（独立时，联合分布可分解为边际分布的乘积。）
unkorreliert,不相关,Der Begriff unkorreliert ist in der Statistik ein wichtiger Fachausdruck.（术语 unkorreliert 是统计学中的重要专业表达，意思是不相关。）
Unsicherheit,不确定性,Der Begriff Unsicherheit ist in der Statistik ein wichtiger Fachausdruck.（术语 Unsicherheit 是统计学中的重要专业表达，意思是不确定性。）
Untersuchungseinheit,研究单位,Der Begriff Untersuchungseinheit ist in der Statistik ein wichtiger Fachausdruck.（术语 Untersuchungseinheit 是统计学中的重要专业表达，意思是研究单位。）
Urbild,原像,Der Begriff Urbild ist in der Statistik ein wichtiger Fachausdruck.（术语 Urbild 是统计学中的重要专业表达，意思是原像。）
Urnenmodell,抽球模型,Der Begriff Urnenmodell ist in der Statistik ein wichtiger Fachausdruck.（术语 Urnenmodell 是统计学中的重要专业表达，意思是抽球模型。）
Variable,变量,Der Begriff Variable bezeichnet ein zentrales Objekt in einem statistischen Modell.（变量表示统计模型中的核心对象。）
Varianz,方差,Die Varianz misst die mittlere quadratische Abweichung vom Erwartungswert.（方差衡量相对期望的平均平方偏离。）
Variationskoeffizient,变异系数,Der Begriff Variationskoeffizient ist in der Statistik ein wichtiger Fachausdruck.（术语 Variationskoeffizient 是统计学中的重要专业表达，意思是变异系数。）
Vereinigung,并集,Der Begriff Vereinigung spielt bei der Interpretation statistischer Ergebnisse eine wichtige Rolle.（并集在解释统计结果时很重要。）
Vermögen,财富,Der Begriff Vermögen ist in der Statistik ein wichtiger Fachausdruck.（术语 Vermögen 是统计学中的重要专业表达，意思是财富。）
Verteilung,分布,Die Verteilung einer Zufallsvariable beschreibt ihre Wahrscheinlichkeiten auf dem Wertebereich.（随机变量的分布描述其在值域上的概率。）
Verteilungsfunktion,分布函数,"Die Verteilungsfunktion beschreibt, wie Wahrscheinlichkeiten auf mögliche Werte verteilt sind.（分布函数描述概率如何分布在可能取值上。）"
Verzerrung,偏倚,Der Begriff Verzerrung spielt bei der Interpretation statistischer Ergebnisse eine wichtige Rolle.（偏倚在解释统计结果时很重要。）
Vierfeldertafel,四格表,Der Begriff Vierfeldertafel ist in der Statistik ein wichtiger Fachausdruck.（术语 Vierfeldertafel 是统计学中的重要专业表达，意思是四格表。）
Vitali-Menge,Vitali 集,Der Begriff Vitali-Menge ist in der Statistik ein wichtiger Fachausdruck.（术语 Vitali-Menge 是统计学中的重要专业表达，意思是Vitali 集。）
Vollerhebung,全体调查,Der Begriff Vollerhebung spielt bei der Interpretation statistischer Ergebnisse eine wichtige Rolle.（全体调查在解释统计结果时很重要。）
Wahl,选举,Der Begriff Wahl ist in der Statistik ein wichtiger Fachausdruck.（术语 Wahl 是统计学中的重要专业表达，意思是选举。）
Wahlbeteiligung,投票率,Der Begriff Wahlbeteiligung spielt bei der Interpretation statistischer Ergebnisse eine wichtige Rolle.（投票率在解释统计结果时很重要。）
Wahlfälschung,选举舞弊,Der Begriff Wahlfälschung spielt bei der Interpretation statistischer Ergebnisse eine wichtige Rolle.（选举舞弊在解释统计结果时很重要。）
Wahlumfrage,选举民调,Der Begriff Wahlumfrage ist in der Statistik ein wichtiger Fachausdruck.（术语 Wahlumfrage 是统计学中的重要专业表达，意思是选举民调。）
Wahlverhalten,投票行为,Der Begriff Wahlverhalten ist in der Statistik ein wichtiger Fachausdruck.（术语 Wahlverhalten 是统计学中的重要专业表达，意思是投票行为。）
Wahrscheinlichkeit,概率,Eine Wahrscheinlichkeit liegt immer zwischen null und eins.（概率总是在 0 和 1 之间。）
Wahrscheinlichkeitsauffassung,概率解释,Der Begriff Wahrscheinlichkeitsauffassung muss im jeweiligen Wahrscheinlichkeitsmodell präzise definiert werden.（概率解释这个概念必须在相应概率模型中被精确定义。）
Wahrscheinlichkeitsfunktion,概率函数,Der Begriff Wahrscheinlichkeitsfunktion muss im jeweiligen Wahrscheinlichkeitsmodell präzise definiert werden.（概率函数这个概念必须在相应概率模型中被精确定义。）
Wahrscheinlichkeitsmaß,概率测度,Ein Wahrscheinlichkeitsmaß ordnet jedem messbaren Ereignis eine Zahl zwischen null und eins zu.（概率测度给每个可测事件赋予 0 到 1 之间的数。）
Wahrscheinlichkeitsraum,概率空间,Der Begriff Wahrscheinlichkeitsraum muss im jeweiligen Wahrscheinlichkeitsmodell präzise definiert werden.（概率空间这个概念必须在相应概率模型中被精确定义。）
Wahrscheinlichkeitstheorie,概率论,Der Begriff Wahrscheinlichkeitstheorie muss im jeweiligen Wahrscheinlichkeitsmodell präzise definiert werden.（概率论这个概念必须在相应概率模型中被精确定义。）
Wahrscheinlichkeitsverteilung,概率分布,"Die Wahrscheinlichkeitsverteilung beschreibt, wie Wahrscheinlichkeiten auf mögliche Werte verteilt sind.（概率分布描述概率如何分布在可能取值上。）"
Weibull-Verteilung,Weibull 分布,"Die Weibull-Verteilung beschreibt, wie Wahrscheinlichkeiten auf mögliche Werte verteilt sind.（Weibull 分布描述概率如何分布在可能取值上。）"
Wertebereich,值域,Der Begriff Wertebereich ist in der Statistik ein wichtiger Fachausdruck.（术语 Wertebereich 是统计学中的重要专业表达，意思是值域。）
Wetterstation,气象站,Der Begriff Wetterstation ist in der Statistik ein wichtiger Fachausdruck.（术语 Wetterstation 是统计学中的重要专业表达，意思是气象站。）
Zentraler Grenzwertsatz,中心极限定理,Der zentrale Grenzwertsatz liefert die Grundlage für viele Normalapproximationen.（中心极限定理为许多正态近似提供基础。）
Zero-inflated Poisson,零膨胀 Poisson 分布,Der Begriff Zero-inflated Poisson ist in der Statistik ein wichtiger Fachausdruck.（术语 Zero-inflated Poisson 是统计学中的重要专业表达，意思是零膨胀 Poisson 分布。）
Zufall,随机/偶然,Der Begriff Zufall ist in der Statistik ein wichtiger Fachausdruck.（术语 Zufall 是统计学中的重要专业表达，意思是随机/偶然。）
Zufallsprozess,随机过程,Der Begriff Zufallsprozess ist in der Statistik ein wichtiger Fachausdruck.（术语 Zufallsprozess 是统计学中的重要专业表达，意思是随机过程。）
Zufallsvariable,随机变量,Eine Zufallsvariable ist eine messbare Abbildung vom Ergebnisraum in einen Wertebereich.（随机变量是从结果空间到值域的可测映射。）
Zufallsvektor,随机向量,Der Begriff Zufallsvektor ist in der Statistik ein wichtiger Fachausdruck.（术语 Zufallsvektor 是统计学中的重要专业表达，意思是随机向量。）
zulässige Transformation,允许变换,Der Begriff zulässige Transformation ist in der Statistik ein wichtiger Fachausdruck.（术语 zulässige Transformation 是统计学中的重要专业表达，意思是允许变换。）
Zusammenhang,关系/关联,Der Begriff Zusammenhang ist in der Statistik ein wichtiger Fachausdruck.（术语 Zusammenhang 是统计学中的重要专业表达，意思是关系/关联。）
Zusammenhangsmaß,关联度量,Der Begriff Zusammenhangsmaß ordnet mathematischen Objekten eine interpretierbare Größe zu.（关联度量给数学对象赋予可解释的大小。）
