"Resource","PdfUrl","FileName","Bytes","Status"
"/courses/18-06sc-linear-algebra-fall-2011/resources/mit18_06scf11_ses1-1sol/","https://ocw.mit.edu/courses/18-06sc-linear-algebra-fall-2011/290a5d857d2a51bf21d4eebf05905620_MIT18_06SCF11_Ses1.1sol.pdf","MIT18_06SCF11_Ses1.1sol.pdf","102906","OK"
"/courses/18-06sc-linear-algebra-fall-2011/resources/mit18_06scf11_ses1-2sol/","https://ocw.mit.edu/courses/18-06sc-linear-algebra-fall-2011/43e6b5f1175983c7220ce471d4a93317_MIT18_06SCF11_Ses1.2sol.pdf","MIT18_06SCF11_Ses1.2sol.pdf","121734","OK"
"/courses/18-06sc-linear-algebra-fall-2011/resources/mit18_06scf11_ses1-3sol/","https://ocw.mit.edu/courses/18-06sc-linear-algebra-fall-2011/d2dc903ca48f3d1ffa1528abde719c94_MIT18_06SCF11_Ses1.3sol.pdf","MIT18_06SCF11_Ses1.3sol.pdf","99205","OK"
"/courses/18-06sc-linear-algebra-fall-2011/resources/mit18_06scf11_ses1-4sol/","https://ocw.mit.edu/courses/18-06sc-linear-algebra-fall-2011/c0a61f86b1cb7c8bcb9d140b4e94bdae_MIT18_06SCF11_Ses1.4sol.pdf","MIT18_06SCF11_Ses1.4sol.pdf","132097","OK"
"/courses/18-06sc-linear-algebra-fall-2011/resources/mit18_06scf11_ses1-5sol/","https://ocw.mit.edu/courses/18-06sc-linear-algebra-fall-2011/76bdb83fe7ac8f76eccd5c7c1849c50b_MIT18_06SCF11_Ses1.5sol.pdf","MIT18_06SCF11_Ses1.5sol.pdf","105210","OK"
"/courses/18-06sc-linear-algebra-fall-2011/resources/mit18_06scf11_ses1-6sol/","https://ocw.mit.edu/courses/18-06sc-linear-algebra-fall-2011/f4ae8cc2b4f36574983dd4c313f106eb_MIT18_06SCF11_Ses1.6sol.pdf","MIT18_06SCF11_Ses1.6sol.pdf","105427","OK"
"/courses/18-06sc-linear-algebra-fall-2011/resources/mit18_06scf11_ses1-7sol/","https://ocw.mit.edu/courses/18-06sc-linear-algebra-fall-2011/d5e9b3dac09bd41988d0cba7ed021efc_MIT18_06SCF11_Ses1.7sol.pdf","MIT18_06SCF11_Ses1.7sol.pdf","110618","OK"
"/courses/18-06sc-linear-algebra-fall-2011/resources/mit18_06scf11_ses1-8sol/","https://ocw.mit.edu/courses/18-06sc-linear-algebra-fall-2011/d85abdc57e0c75fbb35cb9e25263294f_MIT18_06SCF11_Ses1.8sol.pdf","MIT18_06SCF11_Ses1.8sol.pdf","115295","OK"
"/courses/18-06sc-linear-algebra-fall-2011/resources/mit18_06scf11_ses1-9sol/","https://ocw.mit.edu/courses/18-06sc-linear-algebra-fall-2011/793cbea8c118cf3b30ba2944a5c61dee_MIT18_06SCF11_Ses1.9sol.pdf","MIT18_06SCF11_Ses1.9sol.pdf","109280","OK"
"/courses/18-06sc-linear-algebra-fall-2011/resources/mit18_06scf11_ses1-10sol/","https://ocw.mit.edu/courses/18-06sc-linear-algebra-fall-2011/68f4777bbcac272c9184347a9849333a_MIT18_06SCF11_Ses1.10sol.pdf","MIT18_06SCF11_Ses1.10sol.pdf","93910","OK"
"/courses/18-06sc-linear-algebra-fall-2011/resources/mit18_06scf11_ses1-11sol/","https://ocw.mit.edu/courses/18-06sc-linear-algebra-fall-2011/f203b1ebf66c210c62e5730a4b9f9f6d_MIT18_06SCF11_Ses1.11sol.pdf","MIT18_06SCF11_Ses1.11sol.pdf","105024","OK"
"/courses/18-06sc-linear-algebra-fall-2011/resources/mit18_06scf11_ses1-12sol/","https://ocw.mit.edu/courses/18-06sc-linear-algebra-fall-2011/1bbfcb718126a0a8ef8755b84922c536_MIT18_06SCF11_Ses1.12sol.pdf","MIT18_06SCF11_Ses1.12sol.pdf","120767","OK"
"/courses/18-06sc-linear-algebra-fall-2011/resources/mit18_06scf11_ses2-1sol/","https://ocw.mit.edu/courses/18-06sc-linear-algebra-fall-2011/05fd63b14b76d5ad7ce9cee1ee16186c_MIT18_06SCF11_Ses2.1sol.pdf","MIT18_06SCF11_Ses2.1sol.pdf","98112","OK"
"/courses/18-06sc-linear-algebra-fall-2011/resources/mit18_06scf11_ses2-2sol/","https://ocw.mit.edu/courses/18-06sc-linear-algebra-fall-2011/6b76996d7b439496fa84345340096418_MIT18_06SCF11_Ses2.2sol.pdf","MIT18_06SCF11_Ses2.2sol.pdf","95737","OK"
"/courses/18-06sc-linear-algebra-fall-2011/resources/mit18_06scf11_ses2-3sol/","https://ocw.mit.edu/courses/18-06sc-linear-algebra-fall-2011/815ad23f78e11c1a7d282022fc2db3a9_MIT18_06SCF11_Ses2.3sol.pdf","MIT18_06SCF11_Ses2.3sol.pdf","138821","OK"
"/courses/18-06sc-linear-algebra-fall-2011/resources/mit18_06scf11_ses2-4sol/","https://ocw.mit.edu/courses/18-06sc-linear-algebra-fall-2011/e1f9595692038807071733916a514cbd_MIT18_06SCF11_Ses2.4sol.pdf","MIT18_06SCF11_Ses2.4sol.pdf","102415","OK"
"/courses/18-06sc-linear-algebra-fall-2011/resources/mit18_06scf11_ses2-5sol/","https://ocw.mit.edu/courses/18-06sc-linear-algebra-fall-2011/4898a00edcd5ddfa9a545446ff6c2e88_MIT18_06SCF11_Ses2.5sol.pdf","MIT18_06SCF11_Ses2.5sol.pdf","106253","OK"
"/courses/18-06sc-linear-algebra-fall-2011/resources/mit18_06scf11_ses2-6sol/","https://ocw.mit.edu/courses/18-06sc-linear-algebra-fall-2011/022524a65ff095097fdce7857c87bedf_MIT18_06SCF11_Ses2.6sol.pdf","MIT18_06SCF11_Ses2.6sol.pdf","118783","OK"
"/courses/18-06sc-linear-algebra-fall-2011/resources/mit18_06scf11_ses2-7sol/","https://ocw.mit.edu/courses/18-06sc-linear-algebra-fall-2011/3a6198ee2541298bec4f5810f996bf42_MIT18_06SCF11_Ses2.7sol.pdf","MIT18_06SCF11_Ses2.7sol.pdf","108472","OK"
"/courses/18-06sc-linear-algebra-fall-2011/resources/mit18_06scf11_ses2-8sol/","https://ocw.mit.edu/courses/18-06sc-linear-algebra-fall-2011/a5b090d92c330788febc5b2092906af9_MIT18_06SCF11_Ses2.8sol.pdf","MIT18_06SCF11_Ses2.8sol.pdf","106624","OK"
"/courses/18-06sc-linear-algebra-fall-2011/resources/mit18_06scf11_ses2-9sol/","https://ocw.mit.edu/courses/18-06sc-linear-algebra-fall-2011/b7f1b40a20430a1fa7222bdfa8daa126_MIT18_06SCF11_Ses2.9sol.pdf","MIT18_06SCF11_Ses2.9sol.pdf","112617","OK"
"/courses/18-06sc-linear-algebra-fall-2011/resources/mit18_06scf11_ses2-10sol/","https://ocw.mit.edu/courses/18-06sc-linear-algebra-fall-2011/c055bbb4ebda19fceecf04c9c3f05cc4_MIT18_06SCF11_Ses2.10sol.pdf","MIT18_06SCF11_Ses2.10sol.pdf","120255","OK"
"/courses/18-06sc-linear-algebra-fall-2011/resources/mit18_06scf11_ses2-11sol/","https://ocw.mit.edu/courses/18-06sc-linear-algebra-fall-2011/2d5daa1e2d4014040f317ebb8d92d1c0_MIT18_06SCF11_Ses2.11sol.pdf","MIT18_06SCF11_Ses2.11sol.pdf","123663","OK"
"/courses/18-06sc-linear-algebra-fall-2011/resources/mit18_06scf11_ses3-1sol/","https://ocw.mit.edu/courses/18-06sc-linear-algebra-fall-2011/0b82b456a287d080f8f390727287105e_MIT18_06SCF11_Ses3.1sol.pdf","MIT18_06SCF11_Ses3.1sol.pdf","120574","OK"
"/courses/18-06sc-linear-algebra-fall-2011/resources/mit18_06scf11_ses3-2sol/","https://ocw.mit.edu/courses/18-06sc-linear-algebra-fall-2011/37617dbf24875b2dfaac3e46e6305773_MIT18_06SCF11_Ses3.2sol.pdf","MIT18_06SCF11_Ses3.2sol.pdf","111650","OK"
"/courses/18-06sc-linear-algebra-fall-2011/resources/mit18_06scf11_ses3-3sol/","https://ocw.mit.edu/courses/18-06sc-linear-algebra-fall-2011/a034549dadd99fe2c7278d6412ddc39f_MIT18_06SCF11_Ses3.3sol.pdf","MIT18_06SCF11_Ses3.3sol.pdf","108307","OK"
"/courses/18-06sc-linear-algebra-fall-2011/resources/mit18_06scf11_ses3-4sol/","https://ocw.mit.edu/courses/18-06sc-linear-algebra-fall-2011/d3ee9566462755a67ad9d3af243cd17a_MIT18_06SCF11_Ses3.4sol.pdf","MIT18_06SCF11_Ses3.4sol.pdf","109583","OK"
"/courses/18-06sc-linear-algebra-fall-2011/resources/mit18_06scf11_ses3-5sol/","https://ocw.mit.edu/courses/18-06sc-linear-algebra-fall-2011/6c64bb0a0ede9ba88977078db4563ea0_MIT18_06SCF11_Ses3.5sol.pdf","MIT18_06SCF11_Ses3.5sol.pdf","117914","OK"
"/courses/18-06sc-linear-algebra-fall-2011/resources/mit18_06scf11_ses3-6sol/","https://ocw.mit.edu/courses/18-06sc-linear-algebra-fall-2011/7fef2f26857398d5a96029f416f07261_MIT18_06SCF11_Ses3.6sol.pdf","MIT18_06SCF11_Ses3.6sol.pdf","99792","OK"
"/courses/18-06sc-linear-algebra-fall-2011/resources/mit18_06scf11_ses3-7sol/","https://ocw.mit.edu/courses/18-06sc-linear-algebra-fall-2011/59b81b79eaab5acab8135f0dbe502955_MIT18_06SCF11_Ses3.7sol.pdf","MIT18_06SCF11_Ses3.7sol.pdf","103192","OK"
"/courses/18-06sc-linear-algebra-fall-2011/resources/mit18_06scf11_ses3-8sol/","https://ocw.mit.edu/courses/18-06sc-linear-algebra-fall-2011/65f6a7ea1da9932a2939085151ca23a0_MIT18_06SCF11_Ses3.8sol.pdf","MIT18_06SCF11_Ses3.8sol.pdf","121143","OK"
